<?xml version="1.0" encoding="UTF-8"?>
<schemalist>
  <schema id="org.hoplauncher.app" path="/org/hoplauncher/app/">
    <key name="toggle-launcher" type="as">
      <default>[]</default>
      <summary>Toggle launcher keybinding</summary>
      <description>Shortcut used to open the launcher overlay.</description>
    </key>
    <key name="blur-enabled" type="b">
      <default>true</default>
      <summary>Enable blur</summary>
      <description>Use blur-like styling for the launcher overlay.</description>
    </key>
    <key name="overlay-translucency" type="i">
      <default>90</default>
      <summary>Overlay translucency</summary>
      <description>Translucency strength for launcher surfaces as a percentage.</description>
    </key>
    <key name="animations-enabled" type="b">
      <default>true</default>
      <summary>Enable animations</summary>
      <description>Animate overlay open/close transitions.</description>
    </key>
    <key name="feature-windows-enabled" type="b">
      <default>true</default>
      <summary>Windows provider enabled</summary>
      <description>Show results from open windows.</description>
    </key>
    <key name="feature-apps-enabled" type="b">
      <default>true</default>
      <summary>Apps provider enabled</summary>
      <description>Show installed application results.</description>
    </key>
    <key name="feature-files-enabled" type="b">
      <default>true</default>
      <summary>Files provider enabled</summary>
      <description>Show indexed file search results.</description>
    </key>
    <key name="feature-emoji-enabled" type="b">
      <default>true</default>
      <summary>Emoji provider enabled</summary>
      <description>Show emoji lookup results.</description>
    </key>
    <key name="feature-calculator-enabled" type="b">
      <default>true</default>
      <summary>Calculator provider enabled</summary>
      <description>Show calculator expression results.</description>
    </key>
    <key name="feature-currency-enabled" type="b">
      <default>true</default>
      <summary>Currency provider enabled</summary>
      <description>Show currency conversion results.</description>
    </key>
    <key name="feature-timezone-enabled" type="b">
      <default>true</default>
      <summary>Timezone provider enabled</summary>
      <description>Show timezone conversion and clock results.</description>
    </key>
    <key name="feature-weather-enabled" type="b">
      <default>true</default>
      <summary>Weather provider enabled</summary>
      <description>Show weather lookup results.</description>
    </key>
    <key name="feature-web-search-enabled" type="b">
      <default>true</default>
      <summary>Web search provider enabled</summary>
      <description>Show configured web search provider actions.</description>
    </key>
    <key name="open-animation-ms" type="i">
      <default>140</default>
      <summary>Open animation duration</summary>
      <description>Overlay open transition duration in milliseconds.</description>
    </key>
    <key name="close-animation-ms" type="i">
      <default>110</default>
      <summary>Close animation duration</summary>
      <description>Overlay close transition duration in milliseconds.</description>
    </key>
    <key name="max-results" type="i">
      <default>12</default>
      <summary>Maximum results</summary>
      <description>Maximum number of ranked results displayed.</description>
    </key>
    <key name="debounce-ms" type="i">
      <default>15</default>
      <summary>Debounce milliseconds</summary>
      <description>Delay before triggering search recalculation.</description>
    </key>
    <key name="weight-windows" type="i">
      <default>30</default>
      <summary>Window result weight</summary>
      <description>Additional score applied to window matches.</description>
    </key>
    <key name="weight-apps" type="i">
      <default>20</default>
      <summary>App result weight</summary>
      <description>Additional score applied to app matches.</description>
    </key>
    <key name="weight-recents" type="i">
      <default>10</default>
      <summary>Recent result weight</summary>
      <description>Additional score applied to recent file matches.</description>
    </key>
    <key name="weight-files" type="i">
      <default>12</default>
      <summary>File result weight</summary>
      <description>Additional score applied to indexed file matches.</description>
    </key>
    <key name="weight-emoji" type="i">
      <default>8</default>
      <summary>Emoji result weight</summary>
      <description>Additional score applied to emoji matches.</description>
    </key>
    <key name="weight-utility" type="i">
      <default>6</default>
      <summary>Utility result weight</summary>
      <description>Additional score applied to calculator, currency, and timezone rows.</description>
    </key>
    <key name="min-fuzzy-score" type="i">
      <default>30</default>
      <summary>Minimum fuzzy score</summary>
      <description>Minimum fuzzy match score required for non-empty search results.</description>
    </key>
    <key name="indexed-folders" type="as">
      <default>[]</default>
      <summary>Indexed folders</summary>
      <description>Folder list used by file search indexing.</description>
    </key>
    <key name="currency-refresh-enabled" type="b">
      <default>true</default>
      <summary>Currency refresh enabled</summary>
      <description>Allow periodic online exchange-rate refresh when available.</description>
    </key>
    <key name="currency-rate-ttl-hours" type="i">
      <default>12</default>
      <summary>Currency rate cache TTL</summary>
      <description>Hours before cached exchange rates are considered stale.</description>
    </key>
    <key name="custom-aliases-json" type="s">
      <default>'[]'</default>
      <summary>Custom aliases JSON</summary>
      <description>Alias records used for rewrite, app, and open-window targeting.</description>
    </key>
    <key name="launch-learning-json" type="s">
      <default>'{"version":1,"entries":{}}'</default>
      <summary>Launch learning JSON</summary>
      <description>Stored app-launch history used for query-aware ranking boosts.</description>
    </key>
    <key name="learning-enabled" type="b">
      <default>true</default>
      <summary>Learning enabled</summary>
      <description>Enable usage-based ranking from launcher app launches.</description>
    </key>
    <key name="learning-insights-limit" type="i">
      <default>10</default>
      <summary>Learning insights limit</summary>
      <description>Maximum number of learned query-app pairs shown in Preferences.</description>
    </key>
    <key name="learning-insights-sort" type="s">
      <default>'count'</default>
      <summary>Learning insights sort</summary>
      <description>Sort mode for learning insights list: count or recent.</description>
    </key>
    <key name="web-search-enabled" type="b">
      <default>true</default>
      <summary>Web search actions enabled</summary>
      <description>Show configured web search actions for non-empty queries.</description>
    </key>
    <key name="web-search-max-actions" type="i">
      <default>3</default>
      <summary>Web search max actions</summary>
      <description>Maximum number of search services appended per query.</description>
    </key>
    <key name="web-search-services-json" type="s">
      <default>'[{\"id\":\"google\",\"name\":\"Google\",\"urlTemplate\":\"https://www.google.com/search?q=%s\",\"enabled\":true,\"keyword\":\"g\"},{\"id\":\"duckduckgo\",\"name\":\"DuckDuckGo\",\"urlTemplate\":\"https://duckduckgo.com/?q=%s\",\"enabled\":true,\"keyword\":\"ddg\"}]'</default>
      <summary>Web search services JSON</summary>
      <description>Configured URL-template web search services using %s as query placeholder.</description>
    </key>
  </schema>
</schemalist>
